{
    "accuracy": 0.8067092651757188,
    "precision": 0.8312284730195177,
    "recall": 0.7702127659574468,
    "f1_score": 0.7995582551076752,
    "confusion_matrix": [
        [
            791,
            147
        ],
        [
            216,
            724
        ]
    ]
}