{
    "accuracy": 0.7188498402555911,
    "precision": 0.734624145785877,
    "recall": 0.6861702127659575,
    "f1_score": 0.7095709570957097,
    "confusion_matrix": [
        [
            705,
            233
        ],
        [
            295,
            645
        ]
    ]
}