{
    "accuracy": 0.8152289669861554,
    "precision": 0.7948207171314741,
    "recall": 0.8498402555910544,
    "f1_score": 0.8214101904271746,
    "confusion_matrix": [
        [
            733,
            206
        ],
        [
            141,
            798
        ]
    ]
}