{
    "accuracy": 0.744408945686901,
    "precision": 0.7405857740585774,
    "recall": 0.7531914893617021,
    "f1_score": 0.7468354430379747,
    "confusion_matrix": [
        [
            690,
            248
        ],
        [
            232,
            708
        ]
    ]
}